No.,Listing,Bedroom,Bathroom,Garage,Carport,Kitchen,Dining Room,Living Room,Maid's Room,Maid's Bathrrom,Bulding Area(m^2),Land Area(m^2),Furnished,Condition,Year Built,Price(millions Rp)
1,"Rumah Indent Dlm Gang Lt 22 M2 di Johar Baru , Jakarta Pusat",2,2,0,0,1,0,1,0,0,28,28,No,New,2023,350
2,Rumah Kartini Siap Huni 2 Lantai Harga Masuk Akal,2,1,0,0,0,0,0,0,0,27,54,No,Old,2018,300
3,"Kembali Hadir Rumah Indent 1 Lantai Teristimewa , Disc 50 Jt",2,1,0,1,1,1,1,0,0,40,60,No,New,2024,360
4,Rumah mewah 2 lantai Kemayoran SHM IMB,2,2,0,0,1,1,1,1,1,48,24,Semi,New,2024,350
5,"Rumah di Sukahati Cibinong,cuma 5 Menit Dari Pinggir Jalan",2,1,1,1,1,0,1,0,0,50,60,No,New,2024,352
6,Jual Rumah di Depok Dekat Stasiun Citayam 300 Jutaan,2,1,0,0,0,1,1,0,0,27,81,Semi,New,2024,391
7,Rumah murah mini cluster di percetakan negara,2,2,0,0,1,1,1,0,0,40,20,No,New,2024,360
8,Jual Rumah Cluster di Depok Citayam Dekat Stasiun Citayam 300jtan,2,1,1,0,1,0,1,0,0,32,75,Semi,New,2024,386
9,Rumah Siap Huni baru di renovasi di Griya Parung Panjang,2,2,0,1,1,0,1,0,0,60,84,No,Old,NULL,400
10,"Rumah Murah Kemayoran 2 Lantai, Akses Motor, Shm, Dekat Tol",3,2,1,0,1,1,1,1,1,48,25,Semi,New,2023,450
11,Rumah Modern Kemayoran 2 Lantai dekat PRJ Kemayoran Bagus SHM,2,2,0,0,1,1,1,0,0,40,22,No,New,2023,430
12,Dijual Rumah 2lt di Cempaka Putih Barat Bisa Kpr,2,1,1,0,1,1,1,0,0,34,17,NULL,Old,2020,435
13,RUMAH DIJUAL CEPAT LOKASI STRATEGIS HARGA BIKIN MIRIS,2,1,0,1,1,1,1,0,0,63,40,No,New,2023,435
14,Rumah Miimalis Mewah Desain Scandinavian di Sawangan Depok,2,1,0,1,1,1,1,0,0,32,50,No,New,2023,440
15,Rumah Cantik Di pemda Cibinong dp 0% cicilan 3 jutaan langsung ak,2,1,1,1,1,0,1,0,0,45,67,No,New,2023,450
16,Rumah 2 Lantai dekat Mall Mangga Dua Gunung Sahari Jakarta Pusat,2,2,0,0,1,0,1,0,0,39,20,No,New,2023,473
17,Rumah di Jl.keadilan gang 1 gajah Mada dekat ITC kota jakarta pusat 2 Lantai akses motor,2,2,0,1,1,1,1,0,0,39,22,No,New,2022,489
18,"Jarang Ada, Bagus Utk Bisnis Dan Kantor. Di Jalan Protokol Gambir",3,3,0,20,1,0,0,0,0,3465,3465,No,Need Renov,NULL,550000
19,Rumah Klasik 2 Lantai Siap Huni Lokasi Area Premium Jakarta,6,6,2,12,2,1,1,4,2,1700,2600,No,Old,NULL,400000
20,Rumah Bagus Di Ring 1 Menteng,5,6,0,12,1,0,0,5,5,1724,2629,No,Need Renov,2000,350000
21,Jual Cepat Ring Satu Protokol Menteng Jakarta Pusat,4,3,2,2,1,0,0,2,1,1500,1405,Yes,Old,NULL,330000
22,Teuku Umar Menteng 2.975 m2 Rumah Tua Hitung Tanah,4,4,2,15,2,1,1,2,1,400,2975,No,Need Renov,1680,297000
23,DIJUAL RUMAH MENTENG JAKARTA PUSAT,6,4,2,8,2,1,1,2,4,1500,1975,No,Old,NULL,275000
24,"Rumah Model American Classic di Menteng, Jakarta Pusat",4,3,2,8,1,1,1,0,0,650,1382,Yes,Old,NULL,250000
25,"Dijual Rumah di Lokasi Prime Menteng Ring 1 Harga Menarik , SHM",4,4,2,10,2,1,1,3,1,650,1220,No,Old,NULL,220000
26,#ZONAKOMERSIL#MURAH# RUMAH SIAP HUNI DEKAT IBIS BUDGET CIKINI,5,4,8,0,1,1,1,0,0,500,3000,No,Need Renov,1970,200000
27,"di Jalan Lembang Menteng Jakarta Pusat, Jakarta Pusat",4,2,2,4,1,0,0,0,0,300,1522,No,Need Renov,NULL,175000
28,Rumah lama cocok untuk gedung perkantoran jl wahid hasyim sertifikat SHM lokasi sangat strategis hanya 10 menit ke jalan tamrin,3,3,0,2,1,1,1,2,1,600,2106,No,Need Renov,1995,170000
29,"Prime area dekat Sarinah, lingkungan sangat nyaman & Tenang",4,4,2,4,2,1,1,3,1,1060,1189,Semi,Old,NULL,145000
30,"Bangunan lama hitung tanah di Jln Sungai Gerong, Thamrin. Lokasi super bagus persis sebelahan dg stasiun BNI, Grand Indonesia, dan Thamrin Nine",4,4,2,0,1,0,0,2,2,400,1460,Semi,Need Renov,NULL,143000
31,RUMAH MENTENG - LUXURIOUS MODERN CLASSIC IN PRIME AREA,4,5,2,6,1,1,1,2,2,800,1046,No,Old,2015,125000
32,Rumah Bagus Dijual Cepat Daerah Menteng Jakarta Pusat,13,10,3,4,1,0,0,0,0,1600,860,No,New,NULL,125000
33,Rumah lux super bagus di kawasan Menteng,6,5,4,0,1,1,1,0,0,600,810,Semi,Old,NULL,120000
34,"Dijual Rumah Lama, Lokasi Nyaman, Tenang dan Asri di Menteng Jakarta Pusat",5,5,2,2,1,1,1,2,1,400,988,No,Old,NULL,120000
35,Rumah 2 Lantai di Menteng jakarta pusat SHM Bagus,3,5,4,0,1,1,1,0,0,1050,1189,Semi,Old,2000,120000
36,Rumah Siap Huni di Pusat Kota Jakarta,3,4,1,0,1,0,0,0,0,1500,998,Yes,Old,1985,120000
37,"Rumah Menteng Jl. Pangeran Diponegoro, Jakarta Pusat",5,4,2,4,1,1,1,2,2,950,1467,NULL,Old,2002,119000
38,"Dijual Rumah Hook, Hadap Timur Dan Utara Mewah di Menteng, Jaksel",5,5,4,4,1,1,1,0,0,950,1100,Yes,Old,NULL,110000
39,Rumah kawasan elit menteng di Jl kertosono menteng jakarta pusat,5,5,4,4,2,1,1,5,2,920,1100,Semi,Old,NULL,110000
40,Rumah di Jakarta Pusat Cikini Cocok Untuk Usaha Resto Kantor,7,5,2,4,2,1,1,2,1,600,951,Semi,Old,1995,105000
41,Rumah Brand New 2lt Bagus Murah Cuma 5menit Ke Menteng Jakpus,2,2,0,0,1,0,1,0,0,46,23,No,New,NULL,495
42,Rumah 2 Lantai Minimalis Termurah Dekat Perkantoran Di Grogol Jakarta Barat,2,1,2,0,1,1,1,0,0,37,22,No,New,2024,497
43,Rumah di Jln siklepuh mejasem mejasem tegal,2,1,0,1,1,1,1,0,0,47,104,No,New,2024,515
44,Di Jual Rumah Bagus di Jalan Taman Sari dekat stasiun Sawah Besar,2,1,0,0,1,1,1,0,0,41,21,No,New,2023,535
45,CLUSTER MURAH TANPA DP BOOKING 1JT ALL IN TERIMA KUNCI,2,1,1,1,1,1,1,1,1,45,65,Yes,New,2024,540
46,Rumah jakarta pusat dengan akses bagus dan tidak banjir,2,1,0,0,1,0,1,0,0,40,40,No,Old,NULL,550
47,"Rumah Siap Huni di Kartini, Jakarta Pusat",2,1,0,1,1,1,1,0,0,52,42,No,Old,NULL,550
48,"Rumah Di Gg Palaud, Sangaji, Cideng",4,2,0,0,0,0,0,0,0,96,32,No,Old,1980,550
49,Dijual Rumah 2 lantai Gunung Sahari Rp 575 jt,3,2,0,0,1,0,0,0,0,60,30,No,Old,NULL,575
50,RUMAH 2 LANTAI LOKASI 5 MENIT STASIUN KERETA DP SUKA SUKA,3,2,1,1,1,1,1,0,0,60,40,No,New,2023,575
51,Dijual Rumah Cantik Lebar 6X4 di Taman Sari,2,2,0,0,1,1,1,0,0,47,24,No,Old,2023,594
52,"Rumah Akses Motor Lt 32 M2 di Cempaka Putih , Jakarta Pusat Murah",2,1,0,0,1,0,1,0,0,60,32,Yes,Old,2022,600
53,Rumah dengan akses motor di gunung Sahari Jakarta pusat,2,2,0,0,1,0,1,0,0,43,26,Semi,Old,2023,621
54,Rumah baru 4 unit lagi di Jatisampurna Cibubur KPR DP 0% free,2,1,2,2,1,0,1,0,0,40,72,No,New,2023,630
55,Di jual Rumah Cantik Jalan Keadilan Dalam Jakarta Barat,2,1,0,0,2,1,1,0,0,38,29,No,Old,2022,630
56,Rumah 3 Lantai di Johar Baru Dekat Stasiun KA Senen,4,3,0,1,1,1,1,0,0,165,182,No,Need Renov,NULL,3800
57,Rumah Mewah Di Tengah Kota JL Intan Raya Sumur Batu Kemayoran,5,4,2,2,1,1,1,1,1,800,549,Semi,Old,2010,7800
58,Rumah Daerah Elite Cempaka Putih Jakarta Pusat,8,4,2,2,1,1,1,0,0,221,250,No,Old,2010,4500
59,Di Rumah Minimalis modern,3,2,0,1,1,1,1,0,0,73,25,No,Old,2023,992
60,Jual Cepat Rumah Hook Cempaka Putih Dekat Kfc Cempaka,5,4,1,1,1,1,1,0,0,341,520,No,Old,2010,8840
61,Di Jual Rumah Cantik di Percetakan Negara bebas banjir,3,2,1,1,1,1,0,0,0,71,24,No,Old,2023,959
62,Rumah 3 lantai dekat Cempaka putih dengan kolam renang dan Gym,3,2,1,0,1,1,1,0,0,73,25,No,Old,2023,895
63,Rumah dekat taman,5,4,2,4,1,1,1,1,1,400,676,No,Old,2000,40000
64,"Rumah Bagus Dalam Komplek Cempaka Baru, Kemayoran, Jakarta Pusat",5,3,2,0,1,1,1,0,0,300,150,No,Old,2008,3800
65,Rumah Di Pam Baru Kondisi Rumah Lama Siap Huni Jalan Lebar,4,2,1,1,1,1,1,1,1,120,204,No,Need Renov,2000,6500
66,Rumah Bagus Terawat Lokasi Prime Area Menteng Jakarta Pusat,5,6,2,3,1,1,1,1,1,470,519,Semi,Old,1990,39000
67,Di Rumah Minimalis dan Mewah di CPT 25 Jakarta Pusat,2,3,0,1,1,1,0,0,0,94,53,No,New,2024,2400
68,Di Rumah di Pembangunan SHM Bagus hadap Utara bagunan bagus dekat kota dan stasiun,3,2,0,0,1,1,1,1,0,120,66,Semi,Old,2004,1500
69,Rumah Lama Jalan Lebar Cocok Untuk Lokasi Usaha RSA031823,5,2,1,1,1,0,1,0,0,200,258,No,Need Renov,1990,9000
70,DIJUAL CEPAT HARGA MURAH RUMAH DI MENTENG LUAS 659m2 HANYA Rp 37M atau Rp 54Juta an permeter,5,5,2,4,1,1,1,0,1,700,659,No,Old,2000,37000
71,Rumah di Menteng Jakarta Pusat,5,3,1,3,1,1,1,2,1,500,748,No,Old,1990,75000
72,Rumah Tua Hitung Tanah Dekat Menteng Sunda Kelapa Jakarta Pusat,3,3,5,0,1,1,1,1,1,300,807,No,Need Renov,2000,32000
73,Dijual Rumah Golf Residence Kemayoran Uku 8x15 Komplek Eksklusif Harga Menarik Jarang Ada,4,3,0,1,1,1,1,1,1,145,120,No,Old,2008,4200
74,"Rumah Mewah 3 Lantai di CEMPAKA PUTIH 26E/TAMAN SOLO,,Jakarta Pusat",3,4,0,1,1,1,1,0,0,116,39,No,New,2023,1620
75,Di Jual Rumah Cantik bebas banjir di Jalan Gunung Sahari,3,3,1,1,1,1,1,0,0,82,41,No,New,2023,1030
76,Ajb Bebas Sengketa. Jual Murah Butuh Cepat Harga Di Bawah Njop,4,2,0,0,1,1,1,0,0,128,64,No,Old,1987,610
77,"Jual Brand New House At Menteng Luas 920sqm,harga 45 Milyar Nego",5,5,4,4,1,1,1,3,1,680,920,Semi,Old,2022,45000
78,Rumah Menteng Siap Huni Lokasi Strategis,9,5,3,3,1,1,1,7,2,1485,925,No,Old,2010,70000
79,Rumah 1 Lantai di Bendungan Hilir Jakarta Pusat,4,1,0,2,1,0,1,1,1,148,190,Semi,Old,2010,7300
80,Dijual Rumah di petojo jakpus,3,3,0,4,1,1,1,0,0,442,171,No,Old,2012,6800
81,"Cocok Untuk Usaha, Kantor, Cafe, Resto di Benhil, Jakarta Pusat",2,2,0,10,1,1,1,0,0,289,687,No,Need Renov,1998,31000
82,"Rumah Asri, Hoek, Bagus SHM di Cempaka Putih Tengah, Jakarta Pusat, Dekat Tol Dan Pusat Kuliner",6,4,0,7,1,1,1,1,2,529,516,Semi,Old,2020,15000
83,rumah palmerah residence jakarta barat discount 1.5 milliar bu,9,8,4,0,1,0,0,0,0,655,206,Yes,Old,2018,9000
84,Rumah di Kertasono Menteng Lokasi Strategis Luas 970 Meter Jarang Ada,5,5,0,4,1,1,1,2,1,550,970,Semi,Old,2010,80000
85,"Rumah Mewah di Menteng Jakarta Pusat, Masih Nego",5,5,2,1,2,0,0,1,1,720,370,No,Old,2012,20800
86,"Turun Harga Rumah Bagus Siap Huni di Roxy, Nego",5,5,1,0,1,0,0,1,1,170,170,Semi,Old,2000,4500
87,"Rumah 3 lantai dekat ke Thamrin, Sudirman, Kuningan, SHM, Siap Huni, 3 Kamar Tidur, 3 Kamar Mandi",3,3,0,1,1,0,0,0,0,90,40,No,Old,2022,1450
88,Rumah Modern Minimalis Elegan 2 Lantai Akses Tengah Kota & Tol,2,3,1,1,1,0,1,0,0,77,39,No,New,2024,1360
89,Rumah Menteng Daerah Elit Turun Harga Dari 30 M Menjadi 22 M,7,7,2,0,1,1,1,0,0,600,537,Yes,Old,2009,30000
90,RUMAH MODEREN 2 LANTAI SHM DI CEMPAKA PUTIH BARAT,4,3,0,1,1,1,1,0,0,80,54,No,New,2023,1940
91,Di Jual Rumah Cantik strategis di percetakan Negara akses mobil,2,2,1,1,1,1,1,0,0,71,24,No,New,2023,895
92,Di Jual Rumah Mewah Cempaka Putih dekat Taman Solo,2,2,1,1,1,1,1,1,1,100,72,No,New,2024,3250
93,Dijual Rumah Cantik Di Tamansari dekat stasiun Sawah Besar,2,2,0,0,1,1,1,0,0,41,21,No,Old,2023,540
94,DiJual Rumah Murah 2 lantai di Jalan Industri,2,2,0,0,1,1,1,0,0,47,24,No,Old,2023,630
95,Dijual Cepat Rumah Luas di Cempaka Putih Jakarta Pusat,5,5,0,4,1,1,1,0,0,396,400,No,Old,2010,7900
96,Dijual Rumah Luas di Cempaka Putih Jakarta Pusat,4,3,2,2,1,1,1,2,1,389,823,No,Old,2015,19000
97,Turun Harga Dari 42 M Jadi 20 M Dijual Bu Rumah di Menteng,7,6,2,2,1,1,1,2,2,555,555,Yes,Old,2009,40000
98,Rumah Menteng Jakarta Pusat Lokasi Elit Dekat.taman Menteng,4,3,5,0,1,1,1,2,2,550,265,Yes,Old,2009,28000
99,Jual Rumah Menteng Jakarta Pusat Siap Huni Bagus,4,3,3,1,1,1,1,1,0,375,300,Yes,Old,2023,22500
100,"Rumah Lama Hitung Tanah Murah, Petojo Utara, Jakarta Pusat",2,2,1,0,1,1,1,0,0,66,71,No,Old,2000,1000
101,Townhouse murah springhill kemayoran,4,4,0,1,1,1,1,1,1,500,135,Semi,Old,2000,5300
102,Di jual Rumah 4 Kamar di Cempaka Putih dekat YARSI,3,3,1,1,1,1,1,1,1,94,53,No,New,2024,2400
103,Di Jual Rumah Cantik di Cempaka Putih harga Promo,2,2,1,1,1,1,1,1,1,76,52,No,New,2024,1810
104,Di Jual Rumah Mewah Murah Di Gunung Sahari,3,3,1,1,1,1,1,0,0,90,47,No,Old,2023,1140
105,GRIYA MEWAH DI CEMPAKA PUTIH BARAT JKT PUSAT,2,2,1,1,1,0,0,0,0,58,32,No,New,2023,1300
106,CLUSTER 3 LT. DI PUSAT KOTA. JAKPUST,3,2,1,1,1,1,1,0,0,109,37,No,New,2024,1500
107,Rumah Tua Hitung Tanah Di Jalan Lembang Terusan Menteng,5,4,2,2,1,0,1,1,1,371,312,Semi,Old,2010,16500
108,Rumah Tua Hook Cideng Petojo. 13x20. Masuk Mobil,3,2,1,0,1,1,1,1,0,200,263,No,Need Renov,2000,3700
109,"Rumah MURAH 5 lantai Pinggir jalan Bisa dipakai Usaha ,",6,5,2,1,1,1,1,1,1,150,190,Semi,Old,2005,4900
110,"Rumah Asri Cikini Menteng hitung tanah, heritage, klasik",3,3,2,2,1,1,1,1,1,353,517,Semi,Old,1968,26500
111,Golf Residence Kemayoran View Kolam Renang,3,3,1,1,1,1,1,1,1,288,144,No,Old,2017,5700
112,Jual Rumah di Sutan Syahrir 75 M 5 kamar mewah,5,5,3,2,1,1,1,3,2,550,720,Semi,Old,1998,75000
113,RUMAH MEWAH SIAP HUNI 4LT PEJOMPONGAN JAK-PUS,5,7,2,2,2,1,1,1,2,500,226,Semi,Old,2018,13200
114,Rumah 2 Lantai Plus Roof Top Strategis di Kwitang Jakarta Pusat,5,4,1,1,1,1,1,1,1,300,214,Semi,Old,2015,6500
115,Di Rumah Mewah 3 kamar di Cempaka Putih,2,2,0,0,1,1,1,1,1,84,54,No,New,2024,1910
116,"Rumah 1,5 lantai,posisi hook,siap huni,harga murah,lokasi strategis di cempaka putih,Jakarta pusat",4,2,0,1,1,1,1,0,0,100,139,Semi,Old,2010,2000
117,RUMAH MINIMALIS 3 LANTAI LOKASI GUNUNG SAHARI JAKARTA PUSAT,3,3,0,1,1,1,1,0,0,90,47,No,New,2024,1140
118,Rumah Siap Huni di Kebon Kosong Kemayoran,6,2,1,2,1,0,0,1,0,240,248,No,Old,2012,2800
119,Di Jual Rumah Cantik 3 lantai dekat mall Green Pramuka,3,3,1,1,1,1,1,0,0,101,35,No,New,2024,1400
120,RUMAH MEWAH 2 LANTAI DI KOMPLEK CEMPAKA PUTIH TENGAH,3,3,1,0,1,1,1,0,0,97,55,No,New,2024,2470
121,Di Jual Rumah Mewah 3 lantai Nyaman Cempaka Putih,3,3,1,1,1,1,1,0,0,115,39,No,New,2024,1610
122,Rumah Lama Salemba,7,4,2,7,1,1,1,1,0,270,450,No,Need Renov,1990,12800
123,Dijual Rumah Menteng Murah lokasi Strategis Dan Aman,5,5,2,1,1,1,1,1,1,600,395,Yes,Old,2010,33000
124,Rumah Posisi SUPER STRATEGIS dan SUPER MENGUNTUNGKAN di Pinggir Jalan Raya,4,2,1,0,1,0,0,1,1,180,281,No,Old,1965,17000
125,RUMAH CLASSIK BERSEJARAH DI MENTENG,3,3,2,2,1,1,1,3,1,338,1110,No,Old,1925,90000
126,"Rumah murah di Jakarta Pusat harga 1,5 M nego sampai deal",4,2,0,1,1,0,0,0,0,110,133,No,Need Renov,2010,1500
127,"Dijual Rumah 2 Lt. Di Bungur Besar, Gn. Sahari",4,2,0,1,1,1,1,1,1,200,120,No,Old,2007,6000
128,"Rumah Cempaka Putih, Murah Siap Huni",3,3,1,1,1,1,1,0,0,154,74,No,Old,2018,1700
129,DIJUAL CEPAT HARGA MURAH RUMAH DI MENTENG LUAS 659m2 HANYA Rp 37M atau Rp 54Juta an permeter,5,4,2,4,1,1,1,0,1,700,659,No,Need Renov,2000,37000
130,Rumah Bagus Cempaka Putih Siap Huni Harga Nego,3,3,0,2,1,0,0,1,,220,132,No,New,2024,3800
131,"Pejompongan,bangunan Baru,2lantai, Dalam Komplek, Siap Huni,shm",3,4,0,2,1,1,1,2,2,300,201,Semi,Old,2021,8000
132,"Karang Anyar, Jakarta Pusat, Rumah 320 M2, Shm, Bagus",6,5,0,2,1,0,0,1,1,200,320,No,Old,1990,5500
133,CEMPAKA PUTIH RAYA - Jauh Dibawah NJOP Rumah,5,5,1,1,2,1,1,2,2,500,601,No,Old,1970,1550
134,For Sale House At Menteng Atas - Modern Single House,3,3,2,1,1,1,1,1,1,196,223,Semi,Old,2019,3500
135,Rumah Tua Cideng Petojo 9x13. Jalan 2 Mobil,4,2,1,0,1,1,1,0,0,100,117,No,Need Renov,2000,2900
136,FOR SALE MENTENG ~ LT/LB 879/1000 ~ BRAND NEW HOUSE ~ PRIME AREA,4,4,4,6,2,1,1,2,1,1000,879,Semi,New,2022,100000
137,"Rumah Tua Murah Bgt Di Rajawali Selatan, Kemayoran, Jakarta Pusat",2,1,0,0,1,0,0,0,0,235,200,Semi,Need Renov,2012,3100
138,"Rumah Lama Terawat, Asri, Imam Bonjol , Menteng Jakarta Pusat",5,4,0,10,1,0,0,1,1,800,1382,No,Need Renov,1980,195000
139,Rumah Menteng Murah Bagus mangunsarkoro bebas banjir itung tanah,4,4,1,2,1,1,1,1,1,556,716,No,Old,2005,45000
140,Rumah di Cempaka Putih 533m² Termurah Negoo,3,2,1,1,1,1,1,2,2,341,533,Semi,Old,2012,8800
141,dijual rumah mewah cantik dan elegant di jln cempaka putih 25 jakarta pusat,3,3,1,1,1,1,1,0,0,94,53,No,Old,2023,2400
142,"Rumah 1,5 Lantai Siap Huni Cideng Jakarta Barat",2,1,0,1,1,1,1,0,0,50,56,No,Need Renov,1990,1400
143,"Dijual Rumah Cideng, Jakarta Pusat Furnish, Lokasi Strategis",6,3,2,0,1,1,1,1,1,240,140,Yes,Old,2009,6400
144,Rumah Baru Siap Huni di Rawasari Jakarta Timur,2,1,0,1,1,1,1,3,1,78,67,No,New,2023,2480
145,Rumah Baru Cideng Petojo 3 Lantai. 5x18. Jalan 2 Mobil. Siap Huni,4,3,1,0,1,1,1,1,1,250,90,No,New,2020,4000
146,RUMAH MENTENG GAYA CLASSIK,3,3,4,4,1,1,1,1,1,318,680,No,Old,1930,65000
147,Rumah Tua Cideng Petojo. 10x40. Jalan Lebar 3 Mobil,4,3,4,0,1,1,1,1,1,300,400,No,Need Renov,2000,11000
148,Rumah Tua Cideng Petojo. 9x18. Masuk Mobil,2,2,1,0,1,1,1,1,1,90,166,No,Need Renov,2000,3300
149,Rumah Tua Hook. Cideng. 2 Lantai. 12x20. Harga Pbb,3,2,1,0,1,1,1,1,1,250,245,No,Need Renov,2000,5750
150,"Jual Cepat Rumah di Jalan Petojo Selatan, Jakarta Pusat",5,3,0,3,1,1,1,1,1,226,225,No,Old,2000,7000
151,Hunian indah siap huni 2 Lantai di Sunter,3,2,0,1,1,1,1,0,0,135,60,No,New,2023,1000
152,Rumah tua di Guntur Menteng,5,3,0,3,1,1,1,1,1,400,258,No,Need Renov,1980,13000
153,Rumah Minimalis Lokasi Cempaka Putih,5,2,0,2,1,1,1,0,0,105,209,No,Old,2000,4590
154,"Rumah Gajah mada 58m, 2lt, Bagus dan Murah",2,1,0,0,1,1,1,0,0,58,58,No,Old,2019,1250
155,"Jual Super Cepat Rumah di Petojo Selatan , Jakarta Pusat",2,1,1,1,1,1,1,0,0,120,160,No,Old,1998,4000
156,Rumah Bagus Dan Terawat Di Persatuan Guru,4,4,1,3,2,1,1,1,1,250,319,No,Old,2007,13000
157,"Rumah 1 Lantai Hadap Danau Jalan Situ Lembang ,Menteng",4,0,4,2,0,0,0,2,2,500,742,No,Need Renov,1990,71000
158,"Cempaka Putih Tengah, Komplek, Bagus, SHM, Strategis, Jual Cepat",5,3,1,2,1,1,1,1,1,320,400,No,Old,1970,9500
159,Rumah Pinggir Jalan Dekat ke Stasiun Senen Jakarta Pusat,2,2,0,1,1,1,1,0,0,72,68,No,Old,2021,1400
160,Rumah Menteng Murah Bagus terawat Jalan pasuruan siap huni bebas banjir,3,3,2,2,1,1,1,1,1,450,909,No,Old,2010,55000
161,"Rumah Mewah Sangat Terawat, Excellent Interior Ada Swimming Pool di Kawasan Elite Dan Bebas Banjir di Pejompongan Jakpus",7,5,2,2,3,1,1,1,1,650,240,Semi,Old,2014,19000
162,Rumah mewah siap huni di Cempaka Putih Jakarta,6,4,1,2,2,1,1,0,0,500,400,No,Old,2008,15000
163,Rumah Murah Dua Lantai di Sumur Batu Jakarta Pusat,4,3,0,2,2,1,1,1,1,350,247,No,Old,2008,4880
164,"Rumah Hitung Tanah Area Bojonegoro Menteng, Jakarta Pusat Harga Drop",4,3,1,2,2,1,1,2,1,283,555,No,Need Renov,1988,21000
165,Rumah 3 lantai Harga 1 lantai,4,3,1,0,1,1,1,0,0,150,60,No,New,2024,1700
166,Cideng Area Rumah Tua Harga NJOP !!!!,4,3,0,1,1,0,0,1,1,100,158,No,Need Renov,1970,2900
167,Cideng Cepattt Rumah Siap Huni Ada Carport,2,2,0,1,1,0,0,0,0,110,72,No,Old,2017,2100
168,Kartini Rumah di Jalan 2 Mobil NO BUNTU,2,1,0,0,1,0,0,0,0,60,30,No,Need Renov,1990,850
169,Rumah dijual deket perkantoran cempaka putih jakarta pusat,3,3,2,2,1,1,1,0,0,94,53,Yes,New,2023,2370
170,Rumah dijual dekat perkantoran Jakarta pusat,2,2,1,1,1,0,0,0,0,42,22,No,New,2023,500
171,Rumah Siap Huni Full Furnish SHM Di Kemayoran Jakarta Pusat,3,2,0,1,1,1,1,1,1,200,96,Yes,Old,2007,2800
172,"Dijual Home Office Siap Huni, di Jalan Surabaya, Menteng, Jak Pusat",7,7,0,9,1,1,1,0,0,761,754,No,Old,2008,60000
173,Cocok Untuk Disewakan Sekaligus Menjadi Hunian Area Elit,4,4,2,2,1,0,0,0,0,318,542,Yes,Old,2015,49900
174,Rumah Design Klasik Harga Mulai 300jutaan Row Jalan Lebar,2,1,1,1,1,1,1,0,0,45,72,No,New,2024,392
175,"Dijual rumah jl kartini, 2 lantai, hoek, hadap timur, terawat, jual cepat, lokasi strategis, dekat pasar/pusat perbelanjaan/pertokoan, lingkungan aman/nyaman, 3.5m nego",3,2,1,1,1,1,1,1,0,160,167,No,Old,2012,3500
176,"Rumah Mewah Menteng 1195m², 40jutaan/m Murahhh",5,4,2,2,1,1,1,2,1,650,1195,Semi,Old,2012,55000
177,RUMAH DIJUAL BARU SUPER PREMIUM HOUSE MENTENG,5,5,4,6,2,1,1,2,2,1000,875,Yes,New,2023,1000000
178,"Rumah Mewah Menteng Modern Classic, Nego",13,9,4,3,1,0,0,2,1,1170,925,No,Old,2010,65000
179,Rumah luas di Jalan Proklamasi Menteng jakarta pusat,5,3,2,5,1,0,1,1,1,363,537,No,Need Renov,1990,40200
180,Dijual Rumah Di Menteng 3 Lantai Lokasi Strategis Langsung Owner,4,3,2,2,1,1,1,1,1,500,363,Semi,Old,2000,22500
181,"BELI PASTI UNTUNG. BENHIL RUMAH BESAR. Jl. Danau Tondano, Kel. Bendungan Hilir, Kec. Tanah Abang, Jakarta Pusat, Bendungan Hilir",4,3,2,2,1,1,1,1,0,300,269,No,Old,2012,10800
182,Townhouse Jakarta Pusat SHM,4,3,0,1,1,1,1,0,0,150,80,No,New,2023,1600
183,"Dijual Rumah Sdh Direnovasi, Barat, Lokasi di Kemayoran Barat, Jakarta",11,4,0,2,1,1,1,1,0,329,212,No,Old,1990,3500
184,"Rumah Kantor 2 Lantai di Tanah Abang, Jakarta Pusat",5,5,0,8,1,0,0,0,0,400,388,No,Need Renov,1980,18500
185,Rumah Lama Petojo Harga Termurah Dibawah Pasaran,3,2,0,2,1,0,1,1,1,136,206,No,Need Renov,2000,3790
186,Rumah 2Lt deket perkantoran,2,2,0,1,1,0,0,0,0,36,19,No,New,2023,415
187,Town house keren siap huni 2 Lantai di Sunter,4,3,0,1,1,1,1,0,0,162,80,No,New,2023,1600
188,Rumah Kost Setia Kasih,40,40,0,1,0,0,0,2,2,885,405,Yes,Old,2012,15000
189,Rumah Modren Minimalis Cempaka Putih,5,6,1,1,1,1,1,0,0,408,408,Semi,Old,2020,8500
190,RUMAH DWI WARNA,4,3,0,2,1,1,1,0,0,690,230,Semi,Old,2020,6500
191,CLUSTER MEWAH JALAN CEMPAKA PUTIH BARAT 25 . JAKARTA PUSAT,3,3,1,1,1,1,1,1,1,95,53,No,New,2024,1300
192,"Rumah Kos Lt 126 M2 di Sumur Batu, Kemayoran, Jakarta Pusat Murah",22,20,1,0,1,1,1,1,0,370,126,Yes,Old,2015,4200
193,"Rumah 3 Lantai Dekat Area Perkantoran, Cikini, Menteng, Jakarta Pusat",4,4,2,4,1,1,1,2,2,430,518,Semi,Old,2011,39900
194,Rumah Strategis Murah Di Kawasan Menteng Jakarta Pusat,12,6,8,0,1,1,1,2,1,619,947,No,Need Renov,2000,39000
195,Rumah Premium Cempaka Putih 260m² Murah,4,4,1,1,1,1,1,1,1,300,260,Yes,Old,2014,6500
196,Rumah Bergaya Bali Di Menteng,6,4,6,0,1,1,1,2,1,1200,717,No,Old,2010,60000
197,"Rumah Lama Di Menteng,Lokasi Nyaman,Rumah Waris,Bisa Dirobihin dan Dibangun lagi",4,3,3,3,1,0,0,1,1,500,814,No,Need Renov,1970,58000
198,Rumah siap huni lokasi Strategis..cideng Area..cck Hunian..dekat Musi..tanah abang..cideng raya..tomang raya..roxy..biak..,3,2,0,2,1,0,0,0,0,200,254,No,Old,2000,6800
199,"Rumah Cantik 3,5 Lantai Komplek Bendungan Hilir Jakarta Pusat",4,3,2,2,1,0,0,2,1,450,234,No,Old,2010,14000
200,Rumah Jl.yusuf Adiwinata Menteng Cocok Untuk Usaha Kantor Siap Pakai Selangkah Dari Plataran Menteng Jakarta Pusat,15,9,15,0,0,0,0,0,0,1500,662,Semi,Old,2010,80000
201,"Rumah Lawas di Cempaka Putih Tengah, Lt,296,lb.150 Dki Jakarta",5,2,0,3,1,1,1,1,1,150,296,No,Need Renov,2000,5400
202,Rumah Mewah Cempaka Putih Lokasi Strategis Semi Furnished,9,7,5,0,1,0,0,0,0,600,375,Semi,Old,1999,9500
203,"Rumah Siap Huni, Terawat di Lingkungan Tenang dan Asri di Cempaka Putih Jakarta Pusat 2 Lantai SHM hadap Timur Bebas Banjir Lokasi Strategis dekat Akses Jalan Tol IMB Lengkap #rinagpkg",7,9,3,5,1,1,1,0,0,600,378,Semi,Old,1999,9500
204,Jarang Ada!!! Rumah dekat Taman Suropati Menteng,4,3,2,2,2,1,1,2,1,600,1000,Semi,Need Renov,1990,125000
205,Rumah harga NJOP di Hasyim Ashari jakarta pusat,4,2,0,1,0,0,0,1,0,120,184,No,Old,1995,4800
206,"Rumah Jalan Kramat Raya Cocok Untuk Kost, Kontrakan Jakpus",2,2,0,2,0,0,0,0,0,80,148,Yes,Old,2014,2800
207,Hunian nyaman modern indus di Jalan industri 2 gunung Sahari Jakarta pusat,2,2,0,0,1,1,1,0,0,47,24,No,New,2024,620
208,Rumah 1 Lantai Cocok Bangun Ulang Komplek Cideng Jakpus,3,1,0,1,0,0,0,0,0,100,144,No,Need Renov,2001,3500
209,Bu Rumah 2 Lantai Asri Dan Nyaman Benhil Jakarta Pusat,5,4,0,1,1,0,0,1,0,250,119,No,Old,2004,4500
210,Rumah Murah di Menteng Harus Terjual,5,3,2,2,1,1,1,1,1,500,720,No,Old,1970,42000
211,Rumah Cempaka Putih Komplek Pertamina Lokasi Strategis,5,3,2,2,1,0,0,2,1,282,382,Semi,Old,2011,9200
212,Rumah Lama di Salemba Cocok Dibangun Gedung Kantor,4,3,1,3,2,1,1,2,1,600,820,No,Need Renov,1980,30000
213,Rumah Lama Asri di Lokasi Tenang,4,3,2,2,2,1,1,1,1,400,542,Semi,Old,1980,51000
214,Rumah Mewah Modern di Cempaka Putih Jakarta Pusat,3,3,1,1,1,1,1,1,1,94,53,No,Old,2023,2280
215,Rumah asri kokoh private pool siap huni di Menteng,4,3,2,2,2,1,1,2,1,500,649,Semi,Old,2009,42000
216,Di jual Rumah mewah murah lokasi strategis dekat Mangga dua square,2,2,0,1,1,0,0,1,1,82,49,No,Old,2023,1030
217,"Rumah Daerah Cideng, Good Things, and Verry Comfortable For Live!",4,4,2,0,1,1,1,0,0,550,200,Yes,Old,2019,7200
218,Dijual Rumah Cideng Barat Jakarta Pusat LT 262m2,4,3,2,2,1,1,1,1,1,252,262,Semi,Old,2015,7500
219,Rumah Tua Jalan Bojonegoro Menteng Jual Cepat,4,3,0,2,1,1,1,1,1,900,555,No,Need Renov,2000,20000
220,Jual Rumah Metland Menteng LT 185 LB 160 3KT & 2KM Hook Bagus,3,2,0,0,1,1,1,0,0,160,185,No,Old,2010,2150
221,"Rumah kebon kacang , turun harga!",5,8,1,1,1,1,1,1,1,800,492,Semi,Old,2012,18500
222,Ruko Petojo 4 Lantai. 4x25. Jalan 2 Mobil. Siap Huni,,3,1,0,1,1,1,0,0,200,97,No,Need Renov,2000,4500
223,Rumah Mewah 2 Lantai Posisi Hoek di tengah kota,4,4,1,2,1,1,1,1,1,542,371,No,Old,2015,9900
224,"Rumah Di Gg Palaud, Sangaji, Cideng",4,2,0,0,0,0,0,0,0,96,32,No,Old,1980,550
225,Rumah di Cideng SHM Bagus luas 256 m2,4,4,0,2,1,1,1,1,1,170,256,No,Old,2000,8000
226,"Rumah Lama Area Petojo, 900 Meter Ke Itc Roxy Mas",5,3,0,2,1,1,1,1,0,400,251,No,Old,1994,6380
227,Rumah Minimalis Harga Mulai 300jutaan Ramah Bi Chceking,2,1,1,1,1,1,1,0,0,36,66,No,New,2024,321
228,Rumah SHM di Kebon kacang Bagus,3,2,1,1,1,1,1,1,1,105,83,No,Old,2010,3500
229,Rumah 4 Lantai . Split Level. Kondisi Sangat Bagus Dengan Material Bangunan Yang Terpilih. Sangat Siap Dipergunakan Sesuai Keinginan.,4,4,2,3,1,0,0,2,2,600,518,Semi,Old,2012,39800
230,"Rumah Bagus di Laksana Sawah Besar 3 Lantai, Nego",3,3,0,1,1,1,1,1,1,250,90,Semi,Old,2017,2600
231,harganjop Rumah Lama 1 Lantai Cocok Untuk Kost Rumah Tinggal Kantor Dekat Kfc Cideng Timur,3,1,0,1,1,1,1,0,0,80,93,No,Old,1990,2700
232,"di HARUS TERJUAL. WILAYAH KOMERSIAL SANGAT AKTIF, SEKELILING HOTEL BINTANG 4, REDTOP LUMINOR, Jl. Pecenongan ",5,2,5,5,1,1,1,1,1,275,300,No,Old,2000,11900
233,"Rumah Tua Murah Hit Tnh di Jl Harapan Jaya, Cempaka Baru",1,1,0,1,1,0,0,0,0,300,334,No,Need Renov,2012,5500
234,Jual Murah Bu Omset 576 Juta Per Thn Kosan Kwitang Senen Jakpus,24,24,1,2,1,0,0,0,0,522,261,Yes,Old,2015,6850
235,Rumah Lama Hitung Tanah Dekat Grand Cemara Hotel,3,1,0,2,1,1,1,0,0,100,391,No,Need Renov,1970,23800
236,Rumah Bali sytle (+ invest kost jakarta pusat),12,13,1,0,1,1,1,0,0,275,151,Yes,Old,2018,4800
237,Rumah Siap Huni 3 Lantai Dekat Menteng Park,5,4,4,2,2,1,1,1,1,450,276,No,Old,2016,27000
238,Rumah mewah 2 Lantai di johar baru dekat dengan pasar johar baru,7,6,2,1,1,1,1,1,1,390,285,Semi,Old,2003,6600
239,Rumah Bagus di Kemayoran Jakarta Pusat lt 247 m Bagus,5,5,1,1,1,1,1,1,0,371,247,No,Old,2008,3800
240,Rumah Asri Cantik di Cempaka Putih Hoek Langka Nego,7,4,1,3,1,1,1,2,1,850,550,Semi,Old,1993,17000
241,Ruko Ketapang Gajah Mada. 5 Lantai. 5x16.6. Jalan 3 Mobil. Siap Huni,4,4,1,0,1,1,1,1,1,300,75,No,Old,2010,3900
242,Jual Cepat Rumah Siap Tinggal Dihoek Dengan Muka Rumah Jalan 3 Mobil Rumah,4,3,5,2,1,1,1,1,1,600,598,Semi,Old,2000,17500
243,"Rumah Lama Area Menteng Harga di Bawah Pasar, Murah..",8,4,1,2,1,1,1,1,1,400,543,No,Need Renov,1995,26000
244,Dijual Rumah Tua Strategis Bisa Usaha di Cempaka Putih Jakarta Pusat,4,3,3,3,1,1,1,0,0,300,604,No,Need Renov,2010,8000
245,HITUNG TANAH Rumah HOOK di petojo selatan gambir jakpus,3,1,2,0,1,1,1,0,0,200,310,No,Need Renov,1999,8650
246,Jual Cepat Murah Rp 8M Lt 291 Lb 255 Jl. Talang Menteng,4,3,1,1,1,1,1,2,1,255,291,No,Old,2000,8000
247,"Dijual Rumah sakura Samping grand duta city, Hubungi 08118881488",3,1,0,2,0,1,1,0,0,90,154,No,Old,2016,670
248,"Dijual Rumah di Menteng Cikini Komersial, Strategis Utk Bisnis",5,5,2,2,2,1,1,2,2,700,2980,No,Need Renov,2001,175000
249,Rumah Menteng Murah Kusuma atmaja Bagus terawat siap huni bebas banjir,6,4,2,2,1,1,1,1,1,850,630,No,Old,2015,57500
250,Rumah Murah 3 Lantai Lokasi Strategis Pinggir Jalan,3,3,1,1,1,1,1,0,0,82,49,No,New,2024,1140
251,Rumah Kemayoran 15x11 @ Komplek Angkasa Pura,3,3,2,1,1,1,1,1,1,345,172,No,Old,2014,5250
252,Rumah ASRI KOKOH LUAS di Johar Baru Jakarta Pusat,7,6,2,1,1,0,0,1,1,390,285,Semi,Old,2003,6600
253,Brand News Luxurious House American Modern Classic Fully Furnished,4,4,2,6,2,1,1,2,1,1388,474,Yes,New,2022,67000
254,"Rumah 2 Lantai Siap Huni, di Kramat, Senen Jakarta Pusat",5,3,3,3,2,1,1,1,1,450,301,Semi,Old,1980,14900
255,"Rumah Lt 224 M2 di Krekot , Pasar Baru , Jakarta Pusat Murah",5,5,4,0,1,1,1,0,0,410,224,Yes,Old,2017,7000
256,"Rumah Baru Lt 60 M2 di Sumur Batu Kemayoran , Jakarta Pusat",4,3,1,0,1,1,1,0,0,80,60,Semi,New,2022,1700
257,Rumah Menteng Bagus Murah terawat Jalan lembang siap hini,5,4,2,2,1,1,1,2,1,660,490,No,Old,2010,45000
258,Dijual Rumah Elegan dan Strategis di Percetakan Negara Johar Baru Jakarta Pusat,4,5,0,2,1,1,1,1,1,300,200,No,Old,2018,3800
259,Rumah dan kost -kosan lokasi strategis jl danau buyan Benhil,16,8,1,1,1,1,1,1,1,450,191,Semi,Old,2013,9500
260,Di Jual Rumah Modern Classic di Cempaka Putih Jakarta Pusat,4,7,4,4,1,1,1,2,1,1000,842,No,New,2022,32000
261,Rumah Elit Design Classic di Cempaka Putih Jakarta Pusat,4,3,0,1,1,1,1,1,1,256,193,No,New,2024,6500
262,Rumah Baru Design Modern di Cempaka Putih Jakarta Pusat,4,4,1,2,1,0,0,1,1,280,180,No,New,2023,7250
263,Non.568 Rumah Kos Hoki 4.5 Lantai Mangga Besar Jakarta Barat,13,13,4,0,0,0,0,0,0,873,282,Yes,Old,2018,6000
264,Non.557 Rumah Kos an 3 Lantai jakarta Barat,31,32,1,0,0,0,0,0,0,660,314,Yes,Old,2015,6000
265,"Rumah Lama Hitung Tanah, Lokasi Sangat Strategis Di Tengah Kota",4,2,0,4,1,0,0,1,1,563,750,No,Need Renov,1990,45000
266,"Bagus Semi Furnished di Bendungan Hilir , Jakarta Pusat",5,4,2,2,1,0,0,3,1,230,400,Semi,Old,2017,18000
267,"Rumah Strategis Akses Jalan 4 Arah di Cempaka Putih Tengah 25 Dekat Rsij,yarsi,10 Menit Tol",4,4,1,0,1,1,1,1,1,111,80,No,New,2023,3440
268,"Dijual Rumah Cempaka Putih Dekat Atrium,tamsol Hanya 5 Menit Tol",3,3,1,1,1,1,1,1,1,101,51,No,New,2024,1830
269,rumah menteng di hos cokroaminoto menteng jakarta pusat 3 Lantai Sudah Renovasi HGB,26,20,10,0,1,1,1,2,2,3000,1663,Yes,Old,1990,150000
270,Dijual Murah Kost kostan di Kwitang Senen Jakarta Pusat,12,12,1,2,0,0,0,0,0,150,150,No,Old,2020,1500
271,"Rumah Murah Percetakan Negara Dekat Yarsi ,3lt Ada Kolam Renang",3,3,1,1,1,1,1,0,0,73,25,No,New,2024,1010
272,"Rumah Murah 3lt Ada Kolam Renang di Percetakan Negara Dekat Arcici,gps",3,3,1,1,1,1,1,0,0,88,30,No,New,2024,1190
273,Rumah 3 Lantai Bagus Ada Kolam Renang Dekat Evasari Hanya 5 Menit Tol,3,3,1,1,1,1,1,0,0,104,35,No,New,2024,1400
274,Rumah mewah di Springhill kemayoran,5,5,4,4,1,1,1,3,2,1200,746,Yes,Old,2012,28000
275,Rumah Tua Hitung Tanah di Batu Tulis Jakarta Pusat,2,2,0,0,1,1,1,1,1,127,127,No,Old,1920,2300
276,"Rumah Kos di Jakarta Pusat, Strategis 3 Mnt Dr Stasiun Kramat",31,18,0,0,1,1,1,1,1,520,185,Semi,Old,2006,5000
277,Dijual rumah lokasi strategis kertasono menteng luas 970 meter jarang ada,5,5,2,2,1,1,1,2,1,488,970,Semi,Old,2010,80000
278,Rumah 1 lantai di petojo jakarta pusat,4,2,0,1,1,1,0,0,0,125,150,No,Old,2013,2300
279,Rumah Kos 15 kamar Benhil,15,15,1,0,1,0,0,0,0,300,130,No,New,2023,4950
280,Turun Harga Rumah Siap Huni Hitung Tanah Saja Nempel Glora Bung Karno Jakpus,5,4,4,0,1,1,1,1,1,300,283,Yes,Old,2017,12000
281,Dijual Cepat Rumah Bagus Lokasi Strategis di Jantung Kota,6,6,5,4,3,1,1,2,2,1500,1500,Semi,Old,2000,300000
282,RUMAH JAKARTA PUSAT LOKASI STRATEGIS DI CEMPAKA PUTIH NYAMAN BENAS BANJIR,5,2,1,2,1,1,1,1,0,220,260,Yes,Old,2000,8500
283,"Luxury brand Menteng area , new house 2 lantai , rooftop & spool dan taman luas",4,4,4,6,2,1,1,2,1,1000,878,No,New,2023,99500
284,Rumah 2 Lantai di Cempaka Putih Unfurnished Area Perumahan,7,5,1,2,1,1,1,1,1,250,200,No,Old,1990,5800
285,Rumah Tua Hitung Tanah di Gunung Sahari Lebar 2 Mobil Dijualcepat,2,2,0,1,1,0,0,0,0,70,50,No,Need Renov,1999,900
286,"Kolam ikan,ruang karaoke, bagus dan rapih,furnish,jarang ada,Kartini",4,3,1,3,1,1,1,1,1,440,300,Yes,Old,2012,6000
287,Rumah 2 lantai di jln biduri sumur batu jakpus,3,2,1,1,1,1,1,1,1,300,247,No,Old,1992,5350
288,Rumah 2 lantai d area komersiil jl Kota Bumi,4,3,1,2,1,1,1,1,1,250,237,No,Old,2013,35000
289,Rumah Bagus 2 Lantai SHM Murah Cempaka Putih Jakarta Pusat,3,3,0,2,1,1,1,1,1,146,139,Semi,Old,2013,2990
290,"Cluster Mp Bintaro Jalan Kaki Ke Stasiun Sudimara Dekat Toll, Mall Bxc",2,1,0,1,1,1,1,0,0,65,60,No,New,2023,899
291,Dijual Rumah Hitung Tanah di Kepu Kemayoran Jakarta utara,4,1,0,0,1,1,1,0,0,160,204,No,Need Renov,2010,2500
292,Rumah 2 Lantai di Cempaka Putih Bagus Dan Siap Huni,7,5,1,2,1,1,1,1,1,270,200,No,Old,2000,5800
293,Termurah di Jl Kawi-kawi Ananda Town House Johar Baru Jakarta Pusat,4,2,2,1,1,1,1,1,1,100,89,Yes,Old,2019,1050
294,Rumah Bagus Hook Cempaka Putih,7,5,3,2,2,1,1,1,1,389,464,No,Old,2017,15000
295,Rumah secondary Siap Huni Area Menteng Jakarta Pusat,8,5,2,2,2,1,1,0,0,650,1070,No,Old,2022,49000
296,Dijual Rumah Standard Di Kramat Kwitang Senen Lt 175 Lokasi Strategis Hrg Bagus Jarang Ada,2,2,0,1,1,0,0,1,1,204,175,No,Old,1990,2800
297,Rumah 2 Lantai Usaha Kost di Kemayoran Lokasi Strategis,20,20,0,2,1,1,1,0,0,320,126,No,Old,2000,4500
298,Rumah Area Cempaka Putih Hitung Tanah Akses strategis,6,2,2,2,1,1,1,0,0,150,206,No,Need Renov,2000,4350
299,Rumah Kos 3 lantai di Tengah Kota jakarta,12,8,0,0,1,0,0,0,0,170,88,No,Old,2020,2900
300,"Rumah Bagus Strategis, Kramat Area, Ex klinik",5,4,4,2,1,1,1,1,1,600,440,Semi,Old,2010,16000
301,Dijual Rumah hitung tanah saja harga dibawah NJOP @Tanah Abang Jakpus,8,4,0,5,1,1,1,0,0,225,300,No,Need Renov,2000,10000
302,Rumah siap huni di Johar baru,5,2,0,0,1,0,0,0,0,80,109,No,Old,2000,2100
303,Hunian Mewah Dan Elegant Area Premium Menteng Jakarta Pusat,12,10,3,6,2,1,1,0,0,1585,985,Semi,Old,2018,65000
304,Rumah kost produktif dilokasi strategis kemayoran harga mendekati NJOP,20,20,2,0,1,0,1,1,1,380,218,Yes,Old,2000,3700
305,"Rumah Cempaka Putih Barat Cempaka Putih, Jakarta Pusat",4,4,1,1,1,1,1,1,1,303,148,No,Old,2022,5900
306,"Rumah Cempaka Putih Barat Cempaka Putih, Jakarta Pusat",6,5,1,1,1,1,1,0,0,350,288,No,Old,2022,6500
307,"Rumah Cempaka Putih Barat Cempaka Putih, Jakarta Pusat",6,5,1,1,1,1,1,0,0,200,144,No,Old,2022,5900
308,"Rumah Cempaka Putih Barat Cempaka Putih, Jakarta Pusat",3,2,0,2,1,1,1,0,0,200,209,No,Old,2023,4000
309,"Rumah Cempaka Putih Barat Cempaka Putih, Jakarta Pusat",14,5,0,0,1,1,1,1,1,400,200,No,Old,2022,3500
310,"Rumah Cempaka Putih Barat Cempaka Putih, Jakarta Pusat",4,4,2,1,1,1,1,1,1,271,513,No,Old,2022,13500
311,"Rumah Cempaka Putih Indah Cempaka Putih, Jakarta Pusat",4,3,2,1,1,1,1,1,1,125,155,Semi,Old,2022,3100
312,Rumah Kost 3 1/2 Lt Di Cideng,13,7,0,0,2,1,1,1,0,233,76,No,Old,2000,3500
313,Rumah Tua Layak Huni Harga Dibawah NJOP di Cempaka Putih Jakarta Pusat Hadap Barat Laut & Timur 1 Setengah Lantai SHGB Luas 601 m² #owen,5,3,2,2,1,1,1,1,1,325,601,No,Need Renov,2005,12500
314,Murah Di Bawah Njop Rumah Hitung Tanah Jl Angkasa 1 Kemayoran Lt 259 M2,3,1,0,1,1,1,1,1,1,100,259,No,Need Renov,2000,3800
315,"Rumah Jl. Cempaka Putih Tengah, Jakarta Pusat",5,5,2,4,1,1,1,4,2,800,650,Semi,Old,2019,17000
316,Rumah Cempaka Putih Timur Jakarta Pusat,4,3,2,0,1,1,1,1,0,350,360,Semi,Old,2019,9500
317,Rumah Cempaka Putih Timur Jakarta Pusat,3,2,1,3,1,1,1,1,1,229,229,Semi,Old,2021,5500
318,"Rumah Cempaka Putih Tengah Cempaka Putih, Jakarta Pusat",4,3,0,2,1,1,1,0,0,304,203,Semi,Old,2022,6500
319,"Rumah Cempaka Putih Tengah Cempaka Putih, Jakarta Pusat",7,5,0,4,1,1,1,0,0,340,500,No,Old,2022,11000
320,"Rumah Cempaka Putih Tengah Cempaka Putih, Jakarta Pusat",4,3,0,2,1,1,1,0,0,130,96,No,Old,2023,3000
321,"Rumah Rawa Sari Timur Cempaka Putih, Jakarta Pusat",6,4,0,0,1,1,1,0,0,250,150,No,Old,2023,5300
322,"Rumah Cempaka Putih Tengah Cempaka Putih, Jakarta Pusat",5,2,0,2,1,1,1,0,0,150,209,No,Old,2023,4590
323,"Rumah Jl. Mardani Raya Cempaka Putih, Jakarta Pusat",5,4,3,3,1,1,1,2,1,390,550,No,Old,2023,7750
324,Rumah Menteng probolinggo murah hitung Tanah bebas banjir,3,3,1,2,1,1,1,1,1,300,556,No,Need Renov,2000,26000
325,"Harga Bagus Sekali, Rumah Klasik di K.I.Mangunsarkoro,Menteng,Jakarta Pusat",7,7,3,7,2,1,1,2,2,1200,717,No,Old,2010,38500
326,For Sale Rumah Mewah Menteng Jakarta Fully Furnished Prime Location,4,5,2,3,2,1,1,2,2,1200,474,Yes,Old,2017,67000
327,"Rumah Jl. Cempaka Putih Raya Cempaka Putih, Jakarta Pusat",8,8,0,3,1,1,1,3,3,1020,447,No,Old,2021,20000
328,"Rumah Cempaka Putih Timur Cempaka Putih, Jakarta Pusat",5,5,2,2,1,1,1,2,1,1000,750,No,Old,2022,25000
329,Dijual Hitung Tanah Bonus Rumah Lokasi SALEMBA Cocok Buat Kostan,6,4,0,1,1,1,1,1,1,250,200,Semi,Old,1991,3950
330,"Dijual Kost-an 10 Kamar Lokasi di Bendungan Hilir, Jakarta pusat",11,6,0,2,2,1,1,1,1,300,200,Semi,Need Renov,1985,16700
331,Rumah baru bergaya eropah 3 lantai di Jl. Raya rawasari jembatan serong percetakan negara jakarta pusat samping mall GPS,2,2,1,1,1,1,1,0,0,88,30,No,New,2023,890
332,Rumah di cempaka putih tengah 2 Lantai SHM,5,3,1,0,2,1,1,1,1,500,300,Yes,Need Renov,1995,8500
333,Jual rumah gede Jl Cempaka putih jakpus 5 Lantai owuukokoeeni,6,7,0,8,0,1,1,0,0,650,390,No,Old,2000,35000
334,Rumah Mewah di Menteng Jakarta Pusat SHM,7,8,4,2,1,1,1,2,1,548,733,Semi,Old,2011,55000
335,Dijual Rumah Krekot Pasar Baru Dengan Luas 131m Hadap Barat Harga Nego,4,2,0,2,1,0,0,0,0,193,131,No,Need Renov,2003,2900
336,"Dijual rumah 2lt di Cideng Barat, uk 11x26m2, jalan 1 mobil, Harga Rp 10M",4,4,0,2,0,0,0,0,1,384,286,No,Old,2015,10000
337,hitung tanah cocok bangun kost petojo jakarta pusat murah,2,2,0,0,0,0,0,0,0,66,71,No,Need Renov,1999,1000
338,Dijual Rumah Tua Komplek Permata Angkasa Kemayoran Luas 243 M2 Lokasi Strategis Hitung Tanah Harga Menarik,3,2,0,1,1,0,0,0,0,183,243,No,Need Renov,1990,4500
339,Rumah Bagus 2 lantai di Jalan keadilan dalam 1 lokasi strategis bebas banjir Jakarta pusat,2,2,0,0,1,1,1,0,0,42,27,No,New,2024,504
340,Rumah dijual 2 Lantai di Jl keadilan SHM,2,1,0,0,1,1,1,0,0,37,29,No,New,2023,640
341,Dijual Rumah Mewah 3 Lantai di Lokasi Strategis Cempaka Putih Jakarta Pusat,2,3,0,1,1,1,1,1,1,68,45,No,Old,2022,1600
342,Rumah asri bagus di belakang taman solo dan universitas Yarsi Jakarta pusat,2,3,1,1,1,1,1,1,0,101,51,No,New,2023,1830
343,"Rumah Bagus Unfurnished di Pejompongan , Jakarta Pusat",4,5,2,2,0,1,1,1,1,230,400,No,Old,2017,18000
344,Dijual Kost Exclusive Baru di Tanah Abang Pusat Kota Jakarta,32,32,5,5,1,1,1,1,1,506,106,Yes,Old,2009,12700
345,Rumah baru 2lantai di Jl. Cempaka putih tengah 2E jakarta pusat,2,2,1,1,1,1,1,1,1,68,40,No,New,2023,1360
346,Area Komersil Pejompongan Raya Bisa Untuk Kantor/Usaha RSA122102,6,5,2,3,1,1,1,0,0,300,450,No,Need Renov,1955,23500
347,Rumah Kokoh Luas Strategis Premium Di Penjernihan Benhil Jakarta Pusat,8,5,1,1,2,1,1,3,1,650,520,Semi,Old,1995,17000
348,Rumah cantik siap huni di menteng,4,3,2,4,1,1,1,1,1,600,390,Semi,Old,2012,35000
349,Rumah mewah di Cideng Jakarta Pusat,5,4,1,1,2,1,0,1,1,350,200,Semi,Old,2015,7800
350,Rumah Bagus Via Lelang Dalam Komplek di Kemayoran Jakpus,4,4,1,1,1,0,0,1,0,250,247,No,Old,2010,4200
351,DIJUAL CEPAT Rumah Golf Residence Kemayoran Jakarta Utara,4,3,3,0,1,0,1,1,1,265,423,No,Old,2014,11000
352,Jual Murah Rumah Townhouse Springhill 10x30 Golf View,4,6,3,3,2,1,1,1,1,530,300,Yes,Old,2018,11000
353,Turun Harga Rumah Di Cideng Lebar 9 Lokasi Komplek,3,1,0,1,1,1,1,1,0,100,162,No,Need Renov,2010,3950
354,"Rumah Jl. Mangga Besar Raya Sawah Besar, Jakarta Pusat",6,6,0,2,1,1,1,1,0,528,225,Yes,Old,2022,11500
355,"Rumah Blossom R. Kemayoran, Jakarta Pusat",4,5,4,0,1,1,1,3,1,405,270,No,Old,2020,10000
356,"Rumah 3 Lantai dekat pusat kota, mall, rekreasi Ancol dan Perkantoran",6,3,0,0,1,0,0,0,0,150,60,No,New,2022,1200
357,Rumah Dijual di Cempaka Putih Hitung Tanah Saja Nego Sampe Deal,4,2,0,2,1,1,1,0,0,106,325,No,Need Renov,2000,3800
358,Rumah Cideng Petojo. 2.5 Lantai. 10x24. Jalan 2 Mobil. Siap Huni,4,3,2,0,1,1,1,1,1,250,242,No,Old,2000,3850
359,Rumah Tua Cideng Petojo. 12x12. Jalan 2 Mobil,3,2,1,0,1,1,1,0,0,100,144,No,Need Renov,2000,3300
360,Rumah 2 Lantai Dalam Kompleks Elit Cempaka Putih,2,2,0,1,1,1,1,1,1,72,52,Semi,Old,2021,1790
361,New Rumah Mewah di Cempaka Putih 2 Lantai SHM Baru,4,3,0,2,1,0,0,1,2,256,193,No,New,2024,6500
362,Dijual Rumah Di Cempaka Putih Timur Jakpus Lokasi Strategys,4,1,1,1,1,1,1,1,1,139,100,No,Old,2000,2500
363,"Jual Kos Kosan At Benhil Bangunan Baru 18 Kamar,harga 22.5 Milyar",18,18,0,8,1,1,1,0,0,450,300,Semi,Old,2022,22500
364,Rumah kost 34 kamar omset manis dijakpus,34,34,2,0,0,0,0,4,2,800,242,Yes,Old,2016,10500
365,"Dijual rumah Menteng, bagus siap huni, lokasi Premium",5,3,6,0,1,1,1,2,1,1200,712,No,Old,2010,69500
366,Rumah 2 Lantai SHM Sudah Renovasi hadap Timur di Jln Meteng raya,3,5,5,10,2,1,1,2,2,1050,1189,Semi,Old,2015,120000
367,Rumah murah mini cluster di percetakan negara,2,2,0,0,1,1,1,0,0,40,20,No,New,2024,360
368,Di Jual Rumah 3 lantai di Cempaka Putih dekat Starvision,2,2,1,1,1,1,1,0,0,80,54,No,New,2023,1650
369,Dijual Murah Rumah Mewah Turun Harga Strategis Di Johar Baru,6,5,2,1,1,0,0,1,1,390,289,No,Old,2003,6600
370,Dibawah pasar Rumah kost /rukan Jl krekot bunder raya pasar baru jakarta pusat,7,2,3,3,1,1,1,2,2,330,65,No,Old,2018,3250
371,Rumah dijual di kemayoran jakarta pusat jl intan raya,4,3,1,1,2,1,1,1,1,350,293,No,Need Renov,2000,4980
372,Rumah dijual griya agung permai kemayoran jakarta pusat,3,3,1,2,2,1,1,1,1,268,185,No,Old,2009,2410
373,Rumah dijual di cempaka putih barat jakarta pusat,4,3,2,2,2,1,1,0,2,600,422,No,Need Renov,1995,5980
374,Rumah dijual di petojo selatan gambir jakarta pusat,4,2,2,2,2,1,1,2,2,600,418,No,Old,2009,13500
375,Rumah dijual di petojo selatan gambir jakarta pusat,4,4,2,2,2,1,1,2,2,600,371,No,Need Renov,2000,8500
376,Rumah dijual di jl kramat VI kenari senen jakarta pusat,5,4,2,2,1,1,1,2,2,900,702,No,Need Renov,2000,25000
377,Rumah dijual di cikini menteng jakarta pusat hanya hitung tanah,10,10,1,2,1,1,1,1,1,321,282,No,Need Renov,2000,51500
378,Rumah dijual murah di menteng jakarta pusat jl cut nyak dien,5,3,2,4,2,1,1,0,2,955,1078,No,Need Renov,2000,46400
379,Rumah 3 Lantai Siap Huni Murah Di JL Danau Tondano Benhil Jakpus,5,3,2,2,1,1,1,1,1,355,269,Semi,Old,2011,9900
380,Rumah Mewah Siap Huni Di Jalan Sabangan Petojo Jakarta Pusat,5,4,2,2,1,1,1,1,1,520,371,Semi,Old,2012,8500
381,Rumah Mewah Siap Huni Di JL Cimahi Menteng Jakarta Pusat,5,4,2,2,1,1,1,1,1,1134,810,Semi,Old,2012,50000
382,Rumah 3 Lantai di Jalan Kartini Raya Sawah Besar Jakarta Pusat,5,4,1,1,1,1,1,1,1,550,271,Semi,Old,2010,5500
383,Rumah Dilelang di Petojo Jakarta Pusat Dekat Tomang,4,3,0,2,1,0,1,1,1,190,207,No,Need Renov,2015,3850
384,Rumah Minimalis di Daerah Kramat Johar Baru Jakarta Pusat,4,3,1,1,1,1,1,1,1,300,273,No,Old,2015,6000
385,Rumah Hook Murah di Perumahan Griya Agung Permai Jakarta Pusat,5,5,2,2,1,1,1,1,1,550,497,No,Need Renov,2015,7250
386,Rumah di Petojo Jakarta Pusat Harga Murah Bisa Untuk Rumah Kost,4,3,1,1,1,1,1,1,1,200,310,No,Old,2015,8500
387,Rumah Mewah di Jl. Petojo Sabangan II Jakarta Pusat,5,5,1,1,1,1,1,1,1,400,371,No,Old,2015,10000
388,RUMAH DIJUAL LELANG DI JL. DANAU TONDANO BENDUNGAN HILIR,4,3,2,2,1,1,1,2,1,400,269,No,Old,2015,11000
389,Rumah Murah Bangunan Lama di Petojo Jakarta Pusat,5,5,2,3,1,1,1,1,1,550,418,No,Old,2015,13500
390,Rumah Luas Tanah 1032m² di Menteng Jakarta Pusat,4,3,1,4,1,1,1,1,1,600,1032,No,Old,2015,60000
391,Di lelang rumah Jl kesehatan VII petojo selatan gambir jakpus,4,2,0,2,1,1,1,3,1,250,310,No,Need Renov,2015,6600
392,Rumah mewah Menteng Jalan teuku Cik Di Tiro jakpus,4,4,2,2,1,1,1,2,2,569,1002,No,Old,2019,40500
393,Rumah klasik jalan Borobudur menteng jakarta pusat,5,5,7,2,2,1,1,2,2,700,1032,No,Old,2015,57500
394,Rumah 2 Lt dijual di cempaka putih,3,3,1,1,1,1,1,1,1,200,261,Semi,Old,2000,5800
395,Rumah Cantik 2 lt di jl. intan kemayoran jakarta pusat,5,4,0,2,1,1,1,1,1,600,549,No,Old,2010,7500
396,Rumah bagus 2 Lt Dijual Di Menteng,5,3,0,3,1,1,1,1,1,350,312,No,Old,2001,19000
397,Rumah Mewah dan Bagus 2 Lt di Menteng,8,7,2,2,2,1,1,2,2,1600,1078,No,Old,2000,47400
398,"Rumah Asri 2 Lantai di Jl. Kramat Baru, Senen, Jakarta Pusat",4,3,1,2,1,1,1,1,1,350,333,Semi,Old,2019,4350
399,"Rumah Mewah Modern di Jl. Cimahi, Jakarta Pusat",6,5,4,2,1,1,1,1,1,810,835,Semi,Old,2018,65000
400,RUMAH MEWAH TERMURAH DI INTAN RAYA KEMAYORAN JAKARTA PUSAT,5,4,1,2,1,1,1,1,1,750,540,No,Old,2007,6500
401,Rumah dijual di jalan danau Tondano bendungan hilir Jakarta pusat,5,4,2,1,1,1,1,1,1,376,269,No,Old,2008,10900
402,RUMAH MEWAH DI KAWASAN PREMIUM GONDANGDIA MENTENG,7,5,2,3,1,1,1,2,1,750,1078,No,Old,2005,49000
403,RUMAH TERMURAH DI JALAN CIK DITIRO JAKARTA PUSAT,8,5,2,6,2,1,1,2,2,800,1005,No,Old,2005,58000
403,RUMAH BAGUS 1 LANTAI STATEGIS,2,2,1,3,1,1,1,0,0,100,150,No,Old,2017,
404,Rumah di Petojo sabangan 2 Lantai Butuh Renovasi Cocok Dijadikan Kost2 an,3,4,0,1,0,0,0,1,0,100,80,No,Need Renov,NULL,2200
405,JUAL MURAH RUMAH DI GUNUNG SAHARI SAWAH BESAR JAKARTA PUSAT,3,2,1,1,1,1,1,1,1,100,422,No,Old,2010,7530
406,"Rumah 1 Lantai di Menteng, Jakarta Pusat",7,3,3,0,1,0,0,0,0,400,595,No,Old,NULL,17500
407,Dijual Cepat Rumah Bagus Sawah Besar Jakarta Pusat Harga Di Bawah Njop,5,4,2,2,2,1,1,1,1,400,1078,No,Old,2005,47000
408,Rumah mewah di Jl petojo sabangan Petojo Jakarta Pusat,4,3,3,1,1,1,1,1,1,450,379,No,Old,2018,9500
409,Rumah mewah dilelang di Jl Cimahi Menteng Jakarta Pusat,5,3,3,3,1,1,1,3,1,350,810,No,Old,2018,50000
410,Rumah Kost Lama Murah Hitung Tanah Income Kost Masih Aktif,5,3,0,1,1,1,1,0,0,114,114,Yes,Need Renov,1980,4000
411,Dijual Cepat Rumah Megah & Nyaman di Joharbaru Jakarta Pusat,7,6,2,1,1,1,1,1,1,390,285,Semi,Old,2003,6600
412,Hunian Nyaman di Penjernihan Tanah abang Jakarta Pusat,8,5,1,1,1,1,1,3,1,650,520,No,Old,1997,16000
413,Rumah Kost Lama 2 Lantai Kokoh Income Masih Aktif Di Benhil,8,3,0,1,1,1,1,0,0,250,160,Yes,Need Renov,1998,7500
414,Rumah kokoh terawat 3 lantai cideng jakarta pusat,7,4,0,3,1,0,0,1,0,273,173,Semi,Old,2000,7000
415,"Rumah 2 Lantai Cocok Untuk Usaha di Penjompongan , Jakarta Pusat",4,5,2,2,1,0,0,3,1,230,400,Semi,Old,2000,21000
416,Rumah mewah 2 Lantai di johar baru dekat dengan pasar johar baru,7,6,2,1,1,1,1,1,1,390,285,Semi,Old,2003,6600
417,"Rumah 2 Lantai Unfurnished SHM di Pejompongan, Jakarta Pusat",4,5,2,2,1,1,1,3,1,230,400,No,Need Renov,2000,18000
418,"Rumah Hgb Dijual Hitung Tanah di Kebon Melati, Jakarta Pusat",5,3,0,1,1,1,1,0,0,300,309,No,Need Renov,1980,21000
419,Rumah tua hitung tanah buat kos-kosan di kawasan Benhil Sudirman,9,4,0,1,1,1,1,0,0,280,330,No,Need Renov,1984,18000
420,Rumah 2Lt Bebas Banjir di Bsd dekat ice Bsd dan Tol,3,3,0,2,1,1,1,0,0,89,72,Semi,New,2023,1360
421,Rumah Murah Mewah dan Modern di Menteng Jakarta Pusat,7,7,7,0,1,0,0,3,0,800,2300,No,Old,2018,85000
422,RUMAH SIAP HUNI TINGGAL PINDAH DALAM CLUSTER 2 CARPORT,3,3,0,2,1,1,1,0,0,100,73,Yes,New,2023,1550
423,RUMAH MEWAH 3 LANTAI LOKASI STRATEGIS DI KAWASAN ELITE JAKARTA,3,3,1,2,2,1,1,0,0,140,60,Semi,New,2023,2650
424,Rumah Mewah Dan Bagus Jl. Teuku Umar Menteng Jakarta PusaT,8,4,4,7,0,0,0,0,0,600,948,Semi,Old,2000,115000
425,Rumah Siap Huni Benhil Jakarta Pusat,2,2,1,2,1,0,1,0,0,400,514,No,Old,2000,20000
426,Rumah Siap Huni Jl.Percetakan Negara Jakarta Pusat,5,4,2,3,1,0,1,0,0,200,198,Semi,Old,2000,4500
427,Rumah Mewah dan Bagus Siap Huni Jl. Maluku Menteng Jakarta Pusat,5,2,0,0,1,0,0,0,0,520,520,Semi,Old,2000,33000
428,Rumah 1 Lantai Dekat taman jalan Sukabumi,5,4,0,4,1,0,0,1,1,400,676,No,Need Renov,2011,37000
429,Rumah impian siap huni 2 Lantai di Sunter,4,3,0,1,1,1,1,1,0,60,60,No,New,2023,1000
430,Rumah Modern Classic dekat Apartemen Arandra,3,3,1,1,1,1,1,0,0,68,45,No,New,2023,1400
431,Rumah minimalis/modern Jln KEADILAN DALAM.2 lantai nyaman dan aman,2,2,0,0,1,0,1,0,0,38,29,No,New,2023,650
432,Rumah minimalis/modern Industri II..2 lantai dekat perkotaan,2,2,0,0,1,1,1,0,0,41,21,No,New,2023,528
433,Dijual Cepat Rumah Bagus Sawah Besar Jakarta Pusat Harga Di Bawah Njop,5,1,1,1,1,0,0,1,1,1200,300,Semi,New,2021,9900
434,Rumah Bagus di Area Komersil Bendungan Hilir Jakarta Pusat,10,6,0,4,1,1,1,0,0,550,350,No,New,2018,20000
435,Rumah Mewah Hoek 3 Lantai Luas 349m2 Type 6+1kt di Kota Baru Cideng Gambir Jakarta Pusat,6,7,0,2,1,0,0,1,1,300,349,Semi,New,2019,24000
436,,2,2,1,0,1,1,1,0,0,185,210,Yes,New,2021,1200
437,,3,2,1,0,1,1,1,0,0,185,210,Yes,New,2021,1200
438,,4,3,2,1,1,1,1,1,1,320,400,No,Old,1998,4500
439,,2,1,0,1,1,0,1,0,0,140,120,No,New,2022,500
440,,5,4,2,2,1,1,1,1,1,480,600,Semi,Old,2006,7200
441,,3,2,1,0,1,1,1,0,0,210,180,No,New,2019,900
442,,6,5,2,1,1,1,1,1,1,550,700,Yes,Old,1995,8000
443,,4,3,2,1,1,1,1,0,0,320,400,Yes,New,2020,5000
444,,2,1,0,0,1,1,0,0,0,110,90,No,Old,2000,250
445,,3,2,1,1,1,1,1,0,0,190,200,Semi,New,2023,1500
446,,5,3,2,1,1,1,1,0,0,350,450,Yes,Old,1997,6000
447,,2,1,0,0,1,1,0,0,0,100,80,No,New,2024,300
448,,4,3,1,0,1,1,1,0,0,280,300,No,Old,1999,3500
449,,3,2,1,1,1,1,1,0,0,200,220,Semi,New,2022,1800
450,,6,4,2,1,1,1,1,1,1,500,650,Yes,Old,1996,7500
451,,2,1,0,0,0,0,1,0,0,80,100,No,New,2025,200
452,,4,2,1,1,1,1,1,0,0,240,260,Semi,New,2021,2200
453,,5,3,2,1,1,1,1,0,0,380,500,Yes,Old,1998,5500
454,,3,2,1,0,1,1,1,0,0,180,190,No,New,2023,1300
455,,4,3,2,1,1,1,1,1,1,320,400,Yes,Old,1994,4800
456,,2,1,0,1,1,1,0,0,0,130,110,No,New,2024,400
457,,6,4,2,2,1,1,1,1,1,520,680,Yes,Old,1997,7200
458,,3,2,1,0,1,1,1,0,0,200,220,Semi,New,2020,1600
459,,5,3,2,1,1,1,1,0,0,360,480,Yes,Old,1999,5000
460,,2,1,0,0,1,1,0,0,0,90,80,No,New,2022,250
461,,4,2,1,1,1,1,1,0,0,250,270,Semi,New,2023,2000
462,,3,3,1,0,1,1,1,0,0,220,200,Yes,Old,1995,3800
463,,6,4,2,1,1,1,1,1,1,530,690,Yes,Old,1996,7300
464,,4,2,1,1,1,1,1,0,0,240,260,Semi,New,2021,2200
465,,5,3,2,1,1,1,1,0,0,380,500,Yes,Old,1998,5500
466,,3,2,1,0,1,1,1,0,0,180,190,No,New,2023,1300
467,,4,3,2,1,1,1,1,1,1,320,400,Yes,Old,1994,4800
468,,2,1,0,1,1,1,0,0,0,130,110,No,New,2024,400
469,,6,4,2,2,1,1,1,1,1,520,680,Yes,Old,1997,7200
470,,3,2,1,0,1,1,1,0,0,200,220,Semi,New,2020,1600
471,,5,3,2,1,1,1,1,0,0,360,480,Yes,Old,1999,5000
472,,2,1,0,0,1,1,0,0,0,90,80,No,New,2022,250
473,,4,2,1,1,1,1,1,0,0,250,270,Semi,New,2023,2000
474,,3,3,1,0,1,1,1,0,0,220,200,Yes,Old,1995,3800
475,,6,4,2,1,1,1,1,1,1,530,690,Yes,Old,1996,7300
476,,4,2,1,1,1,1,1,0,0,240,260,Semi,New,2021,2200
477,,5,3,2,1,1,1,1,0,0,380,500,Yes,Old,1998,5500
478,,3,2,1,0,1,1,1,0,0,180,190,No,New,2023,1300
479,,4,3,2,1,1,1,1,1,1,320,400,Yes,Old,1994,4800
480,,2,1,0,1,1,1,0,0,0,130,110,No,New,2024,400
481,,6,4,2,2,1,1,1,1,1,520,680,Yes,Old,1997,7200
482,,3,2,1,0,1,1,1,0,0,200,220,Semi,New,2020,1600
483,,5,3,2,1,1,1,1,0,0,360,480,Yes,Old,1999,5000
484,,2,1,0,0,1,1,0,0,0,90,80,No,New,2022,250
485,,4,2,1,1,1,1,1,0,0,250,270,Semi,New,2023,2000
486,,3,3,1,0,1,1,1,0,0,220,200,Yes,Old,1995,3800
487,,6,4,2,1,1,1,1,1,1,530,690,Yes,Old,1996,7300
488,,4,2,1,1,1,1,1,0,0,240,260,Semi,New,2021,2200
489,,5,3,2,1,1,1,1,0,0,380,500,Yes,Old,1998,5500
490,,3,2,1,0,1,1,1,0,0,180,190,No,New,2023,1300
491,,4,3,2,1,1,1,1,1,1,320,400,Yes,Old,1994,4800
492,,2,1,0,1,1,1,0,0,0,130,110,No,New,2024,400
493,,6,4,2,2,1,1,1,1,1,520,680,Yes,Old,1997,7200
494,,3,2,1,0,1,1,1,0,0,200,220,Semi,New,2020,1600
495,,5,3,2,1,1,1,1,0,0,360,480,Yes,Old,1999,5000
496,,2,1,0,0,1,1,0,0,0,90,80,No,New,2022,250
497,,4,2,1,1,1,1,1,0,0,250,270,Semi,New,2023,2000
498,,3,3,1,0,1,1,1,0,0,220,200,Yes,Old,1995,3800
499,,6,4,2,1,1,1,1,1,1,530,690,Yes,Old,1996,7300
500,,4,2,1,1,1,1,1,0,0,240,260,Semi,New,2021,2200
501,,5,3,2,1,1,1,1,0,0,380,500,Yes,Old,1998,5500
502,,3,2,1,0,1,1,1,0,0,180,190,No,New,2023,1300
503,,4,3,2,1,1,1,1,1,1,320,400,Yes,Old,1994,4800